{"cameraMode":{"drawMode":0,"name":"Shaded","section":"Shading Mode"},"sceneLighting":false,"audioPlay":false,"sceneViewState":{"m_AlwaysRefresh":false,"showFog":true,"showSkybox":false,"showFlares":true,"showImageEffects":true,"showParticleSystems":true,"showVisualEffectGraphs":true,"m_FxEnabled":true},"in2DMode":false,"pivot":{"x":-0.009660899639129639,"y":-0.026815950870513917,"z":0.7999693155288696},"rotation":{"x":0.4098341166973114,"y":0.36274924874305727,"z":-0.18198831379413606,"w":0.8169050216674805},"size":2.563671112060547,"orthographic":false}