{"cameraMode":{"drawMode":0,"name":"Shaded","section":"Shading Mode"},"sceneLighting":false,"audioPlay":false,"sceneViewState":{"m_AlwaysRefresh":false,"showFog":true,"showSkybox":false,"showFlares":true,"showImageEffects":true,"showParticleSystems":true,"showVisualEffectGraphs":true,"m_FxEnabled":true},"in2DMode":false,"pivot":{"x":-0.00019693560898303986,"y":0.00007870001718401909,"z":0.009338989853858948},"rotation":{"x":0.4098341166973114,"y":0.36274924874305727,"z":-0.18198831379413606,"w":0.8169050216674805},"size":0.03474532440304756,"orthographic":false}