{"cameraMode":{"drawMode":0,"name":"Shaded","section":"Shading Mode"},"sceneLighting":false,"audioPlay":false,"sceneViewState":{"m_AlwaysRefresh":false,"showFog":true,"showSkybox":false,"showFlares":true,"showImageEffects":true,"showParticleSystems":true,"showVisualEffectGraphs":true,"m_FxEnabled":true},"in2DMode":false,"pivot":{"x":-0.23816941678524018,"y":1.8662889003753663,"z":-0.5295971035957336},"rotation":{"x":0.30348867177963259,"y":0.6886709332466126,"z":-0.39889538288116457,"w":0.5239679217338562},"size":1.4566055536270142,"orthographic":false}