{"cameraMode":{"drawMode":0,"name":"Shaded","section":"Shading Mode"},"sceneLighting":false,"audioPlay":false,"sceneViewState":{"m_AlwaysRefresh":false,"showFog":true,"showSkybox":false,"showFlares":true,"showImageEffects":true,"showParticleSystems":true,"showVisualEffectGraphs":true,"m_FxEnabled":true},"in2DMode":false,"pivot":{"x":-0.007961690425872803,"y":0.07920096814632416,"z":0.3071640133857727},"rotation":{"x":0.4098341166973114,"y":0.36274924874305727,"z":-0.18198831379413606,"w":0.8169050216674805},"size":0.9912227392196655,"orthographic":false}